{
    "providers": [
        {"type": "bitmap", "file": "minecraft:guis/pixel.png","ascent": -2000,"height": -3,"chars": ["七"]},
        {"type": "bitmap", "file": "minecraft:guis/diamondxr/menu.png","ascent": 13,"height": 135,"chars": ["ㇺ"]},
		{"type": "bitmap", "file": "minecraft:guis/donate/survivalmenuvip.png","ascent": 28,"height": 153,"chars": ["✓"]},
		{"type": "bitmap", "file": "minecraft:guis/donate/survivalmenupremium.png","ascent": 28,"height": 153,"chars": ["✛"]},
		{"type": "bitmap", "file": "minecraft:guis/donate/backitemmenu.png","ascent": 9,"height": 13,"chars": ["ᴔ"]},
		{"type": "bitmap", "file": "minecraft:guis/donate/donatetextmenu.png","ascent": 19,"height": 55,"chars": ["ᴉ"]},
		{"type": "bitmap", "file": "minecraft:guis/donate/survivalmenulegendary.png","ascent": 28,"height": 153,"chars": ["ᶈ"]},
		{"type": "bitmap", "file": "minecraft:guis/donate/survivalmenulord.png","ascent": 28,"height": 153,"chars": ["ᶉ"]},
		{"type": "bitmap", "file": "minecraft:guis/donate/survivalmenutitan.png","ascent": 28,"height": 153,"chars": ["ᶊ"]},
		{"type": "bitmap", "file": "minecraft:guis/donate/survivalmenuimperator.png","ascent": 28,"height": 153,"chars": ["ᶋ"]},
		{"type": "bitmap", "file": "minecraft:guis/donate/survivalmenusponsor.png","ascent": 28,"height": 153,"chars": ["ᴓ"]},
		{"type": "bitmap", "file": "minecraft:guis/donate/survivalmenugem.png","ascent": 28,"height": 153,"chars": ["ᶛ"]},
		{"type": "bitmap", "file": "minecraft:guis/donate/survivalmenu1.png","ascent": 28,"height": 153,"chars": ["ᶌ"]},
		{"type": "bitmap", "file": "minecraft:guis/donate/survivalmenu2.png","ascent": 28,"height": 153,"chars": ["ᶍ"]},
		{"type": "bitmap", "file": "minecraft:guis/donate/survivalmenu3.png","ascent": 28,"height": 153,"chars": ["ᶎ"]},
		{"type": "bitmap", "file": "minecraft:guis/donate/survivalmenuauction.png","ascent": 28,"height": 153,"chars": ["ᶱ"]},
		{"type": "bitmap", "file": "minecraft:guis/donate/survivalmenureaward.png","ascent": 28,"height": 153,"chars": ["ᵺ"]},
		{"type": "bitmap", "file": "minecraft:guis/donate/survivalmenucase.png","ascent": 28,"height": 153,"chars": ["ᵽ"]},
		{"type": "bitmap", "file": "minecraft:guis/donate/survivalmenucase1.png","ascent": 28,"height": 153,"chars": ["ᵨ"]},
		{"type": "bitmap", "file": "minecraft:guis/donate/survivalmenushop.png","ascent": 28,"height": 153,"chars": ["ᶃ"]},
		{"type": "bitmap", "file": "minecraft:guis/donate/survivalmenushop1.png","ascent": 28,"height": 153,"chars": ["ᶀ"]},
		{"type": "bitmap", "file": "minecraft:guis/donate/survivalmenuaccept.png","ascent": 28,"height": 153,"chars": ["ᶁ"]},
		{"type": "bitmap", "file": "minecraft:guis/donate/donateitem1.png","ascent": 11,"height": 16,"chars": ["⅄"]},
		{"type": "bitmap", "file": "minecraft:guis/donate/donateitem2.png","ascent": 11,"height": 16,"chars": ["ᶯ"]},
		{"type": "bitmap", "file": "minecraft:guis/donate/menuitemosnova2.png","ascent": 11,"height": 16,"chars": ["ᶮ"]},
		{"type": "bitmap", "file": "minecraft:guis/donate/goldenmoney.png","ascent": 11,"height": 16,"chars": ["⅃"]},
		{"type": "bitmap", "file": "minecraft:guis/donate/gem.png","ascent": 12,"height": 16,"chars": ["Ý"]},
		{"type": "bitmap", "file": "minecraft:guis/donate/menuitempet1.png","ascent": 10,"height": 16,"chars": ["℞"]},
		{"type": "bitmap", "file": "minecraft:guis/donate/globalchatitem.png","ascent": 11,"height": 12,"chars": ["℠"]},
		{"type": "bitmap", "file": "minecraft:guis/tags/tag1.png","ascent": 8,"height": 8,"chars": ["℡"]},
		{"type": "bitmap", "file": "minecraft:guis/donate/survivalmenuteleport.png","ascent": 28,"height": 153,"chars": ["℥"]},
		{"type": "bitmap", "file": "minecraft:guis/donate/menuitempet2.png","ascent": 10,"height": 16,"chars": ["Ω"]},
		{"type": "bitmap", "file": "minecraft:guis/donate/menuitempet3.png","ascent": 10,"height": 16,"chars": ["℧"]},
		{"type": "bitmap", "file": "minecraft:guis/tags/player.png","ascent": 8,"height": 9,"chars": ["⍺"]},
		{"type": "bitmap", "file": "minecraft:guis/tags/vip.png","ascent": 8,"height": 9,"chars": ["⍹"]},
		{"type": "bitmap", "file": "minecraft:guis/tags/premium.png","ascent": 8,"height": 9,"chars": ["⍸"]},
		{"type": "bitmap", "file": "minecraft:guis/tags/legendary.png","ascent": 8,"height": 9,"chars": ["⍷"]},
		{"type": "bitmap", "file": "minecraft:guis/tags/lord.png","ascent": 8,"height": 9,"chars": ["⍶"]},
		{"type": "bitmap", "file": "minecraft:guis/tags/titan.png","ascent": 8,"height": 9,"chars": ["⍵"]},
		{"type": "bitmap", "file": "minecraft:guis/tags/imperator.png","ascent": 8,"height": 9,"chars": ["⍴"]},
		{"type": "bitmap", "file": "minecraft:guis/tags/sponsor.png","ascent": 8,"height": 9,"chars": ["Ό"]},
		{"type": "bitmap", "file": "minecraft:guis/tags/clickright.png","ascent": 14,"height": 22,"chars": ["ῷ"]},
		{"type": "bitmap", "file": "minecraft:guis/tags/donatetag.png","ascent": 7,"height": 8,"chars": ["ᶨ"]},
		{"type": "bitmap", "file": "minecraft:guis/tags/rewardstag.png","ascent": 7,"height": 8,"chars": ["ᶤ"]},
		{"type": "bitmap", "file": "minecraft:guis/tags/recipes.png","ascent": 7,"height": 8,"chars": ["ᴥ"]},
		{"type": "bitmap", "file": "minecraft:guis/tags/common.png","ascent": 7,"height": 8,"chars": ["ᴭ"]},
		{"type": "bitmap", "file": "minecraft:guis/tags/uncommon.png","ascent": 7,"height": 8,"chars": ["ᴮ"]},
		{"type": "bitmap", "file": "minecraft:guis/tags/rare.png","ascent": 7,"height": 8,"chars": ["ᴯ"]},
		{"type": "bitmap", "file": "minecraft:guis/tags/epic.png","ascent": 7,"height": 8,"chars": ["ᵬ"]},
		{"type": "bitmap", "file": "minecraft:guis/tags/legendary1.png","ascent": 7,"height": 8,"chars": ["ᵭ"]},
		{"type": "bitmap", "file": "minecraft:guis/tags/mythic.png","ascent": 7,"height": 8,"chars": ["ᵮ"]},
		{"type": "bitmap", "file": "minecraft:guis/tags/sweatlandsurvival.png","ascent": 14,"height": 25,"chars": ["ᵹ"]},
		{"type": "bitmap", "file": "minecraft:guis/tags/clickleft.png","ascent": 14,"height": 22,"chars": ["⌘"]},
		{"type": "bitmap", "file": "minecraft:guis/donate/chatpickhers1.png","ascent": 14,"height": 55,"chars": ["ᶐ"]},
		{"type": "bitmap", "file": "minecraft:guis/donate/chatpickhers2.png","ascent": 14,"height": 55,"chars": ["ᶏ"]},
		{"type": "bitmap", "file": "minecraft:guis/donate/chatpickhers3.png","ascent": 14,"height": 55,"chars": ["ᵴ"]},
		{"type": "bitmap", "file": "minecraft:guis/donate/survivalmenucase1.png","ascent": 28,"height": 103,"chars": ["ᵋ"]},
		{"type": "bitmap", "file": "minecraft:guis/donate/freecaseaxe.png","ascent": 12,"height": 16,"chars": ["⤡"]},
		{"type": "bitmap", "file": "minecraft:guis/donate/freecaseaxe2.png","ascent": 12,"height": 16,"chars": ["⤠"]},
		{"type": "bitmap", "file": "minecraft:guis/donate/freecasepickaxe.png","ascent": 12,"height": 16,"chars": ["⤟"]},
		{"type": "bitmap", "file": "minecraft:guis/donate/freecasepickaxe2.png","ascent": 12,"height": 16,"chars": ["⤞"]},
		{"type": "bitmap", "file": "minecraft:guis/donate/freecasebow.png","ascent": 12,"height": 16,"chars": ["⤝"]},
		{"type": "bitmap", "file": "minecraft:guis/donate/freecasebow2_1.png","ascent": 12,"height": 16,"chars": ["⤜"]},
		{"type": "bitmap", "file": "minecraft:guis/donate/freecasesword.png","ascent": 12,"height": 16,"chars": ["⤛"]},
		{"type": "bitmap", "file": "minecraft:guis/donate/freecasesword2.png","ascent": 12,"height": 16,"chars": ["⤘"]},
		{"type": "bitmap", "file": "minecraft:guis/donate/freecaseshovel.png","ascent": 12,"height": 16,"chars": ["⤚"]},
		{"type": "bitmap", "file": "minecraft:guis/donate/freecaseshovel2.png","ascent": 12,"height": 16,"chars": ["⤙"]}
    ]
}